,name,X,Y,Z
0,car,tensor(1324.),tensor(579.),12.762921441142707
1,car,tensor(989.),tensor(573.),14.993929743459287
2,green traffic light,tensor(840.),tensor(112.),5.6995280734419875
